,QUARTER,TIME_REMAINING,DENVER_ACTION,MEMPHIS_ACTION,DENVER_SCORE,MEMPHIS_SCORE
0,1,11:42.0,,J. Ennis misses 3-pt jump shot from 25 ft,0,0
1,1,11:41.0,Defensive rebound by N. Jokić,,0,0
2,1,11:23.0,E. Mudiay makes 3-pt jump shot from 24 ft (assist by J. Nurkić),,3,0
3,1,11:14.0,,Personal foul by G. Harris (drawn by J. Ennis),3,0
4,1,11:07.0,,M. Conley misses 2-pt layup from 2 ft,3,0
5,1,11:06.0,Defensive rebound by J. Nurkić,,3,0
6,1,11:00.0,E. Mudiay makes 2-pt jump shot from 16 ft,,5,0
7,1,10:39.0,,J. Green makes 2-pt layup from 3 ft,5,2
8,1,10:24.0,Personal foul by J. Green (drawn by D. Gallinari),,5,2
9,1,10:17.0,J. Nurkić makes 2-pt dunk at rim (assist by E. Mudiay),,7,2
10,1,9:59.0,,M. Gasol makes 2-pt hook shot from 5 ft,7,4
11,1,9:49.0,J. Nurkić makes 2-pt jump shot from 20 ft (assist by E. Mudiay),,9,4
12,1,9:36.0,,J. Green misses 3-pt jump shot from 24 ft,9,4
13,1,9:35.0,Defensive rebound by D. Gallinari,,9,4
14,1,9:31.0,,Violation by C. Parsons (kicked ball),9,4
15,1,9:20.0,D. Gallinari makes 2-pt jump shot from 22 ft (assist by E. Mudiay),,11,4
16,1,9:07.0,,M. Gasol makes 2-pt dunk at rim (assist by M. Conley),11,6
17,1,8:54.0,Turnover by G. Harris (bad pass; steal by C. Parsons),,11,6
18,1,8:49.0,,Shooting foul by E. Mudiay (drawn by J. Ennis),11,6
19,1,8:49.0,,J. Ennis makes free throw 1 of 2,11,7
20,1,8:49.0,,J. Ennis makes free throw 2 of 2,11,8
21,1,8:41.0,Turnover by E. Mudiay (bad pass; steal by M. Conley),,11,8
22,1,8:37.0,,J. Green makes 2-pt dunk at rim (assist by J. Ennis),11,10
23,1,8:14.0,Turnover by E. Mudiay (bad pass; steal by M. Conley),,11,10
24,1,8:10.0,,C. Parsons makes 2-pt layup from 2 ft (assist by M. Conley),11,12
25,1,8:09.0,Denver full timeout,,11,12
26,1,7:58.0,N. Jokić misses 2-pt jump shot from 17 ft,,11,12
27,1,7:57.0,,Defensive rebound by C. Parsons,11,12
28,1,7:36.0,,C. Parsons makes 2-pt layup from 2 ft (assist by M. Gasol),11,14
29,1,7:17.0,D. Gallinari misses 2-pt jump shot from 13 ft,,11,14
30,1,7:16.0,,Defensive rebound by M. Gasol,11,14
31,1,7:04.0,,C. Parsons misses 3-pt jump shot from 25 ft,11,14
32,1,7:04.0,Defensive rebound by N. Jokić,,11,14
33,1,6:58.0,Turnover by D. Gallinari (lost ball),,11,14
34,1,6:47.0,,J. Green misses 2-pt layup from 2 ft,11,14
35,1,6:46.0,,Offensive rebound by J. Green,11,14
36,1,6:44.0,,J. Green misses 2-pt layup from 2 ft,11,14
37,1,6:44.0,Defensive rebound by Team,,11,14
38,1,6:44.0,,V. Carter enters the game for C. Parsons,11,14
39,1,6:44.0,K. Faried enters the game for J. Nurkić,,11,14
40,1,6:22.0,D. Gallinari misses 3-pt jump shot from 24 ft,,11,14
41,1,6:20.0,,Defensive rebound by M. Conley,11,14
42,1,6:07.0,,M. Gasol makes 2-pt jump shot from 14 ft (assist by V. Carter),11,16
43,1,5:54.0,Shooting foul by M. Gasol (drawn by D. Gallinari),,11,16
44,1,5:54.0,D. Gallinari misses free throw 1 of 2,,11,16
45,1,5:54.0,Offensive rebound by Team,,11,16
46,1,5:54.0,D. Gallinari makes free throw 2 of 2,,12,16
47,1,5:40.0,,M. Gasol misses 3-pt jump shot from 25 ft,12,16
48,1,5:38.0,Defensive rebound by K. Faried,,12,16
49,1,5:20.0,E. Mudiay misses 2-pt jump shot from 13 ft,,12,16
50,1,5:18.0,,Defensive rebound by J. Ennis,12,16
51,1,5:05.0,,M. Conley makes 2-pt jump shot from 11 ft (assist by M. Gasol),12,18
52,1,4:51.0,G. Harris makes 2-pt layup from 3 ft,,14,18
53,1,4:30.0,,M. Conley misses 3-pt jump shot from 24 ft,14,18
54,1,4:28.0,Defensive rebound by K. Faried,,14,18
55,1,4:17.0,Turnover by E. Mudiay (bad pass; steal by M. Conley),,14,18
56,1,4:10.0,,M. Conley misses 3-pt jump shot from 25 ft,14,18
57,1,4:06.0,,Offensive rebound by J. Ennis,14,18
58,1,4:05.0,,Memphis full timeout,14,18
59,1,4:05.0,J. Nelson enters the game for G. Harris,,14,18
60,1,4:05.0,,J. Martin enters the game for J. Green,14,18
61,1,4:05.0,,Z. Randolph enters the game for M. Gasol,14,18
62,1,4:05.0,,A. Harrison enters the game for M. Conley,14,18
63,1,3:51.0,,Turnover by Z. Randolph (bad pass; steal by D. Gallinari),14,18
64,1,3:46.0,E. Mudiay makes 2-pt layup from 2 ft (assist by N. Jokić),,16,18
65,1,3:46.0,Shooting foul by J. Ennis (drawn by E. Mudiay),,16,18
66,1,3:46.0,E. Mudiay misses free throw 1 of 1,,16,18
67,1,3:45.0,,Defensive rebound by Z. Randolph,16,18
68,1,3:37.0,,A. Harrison misses 2-pt jump shot from 19 ft,16,18
69,1,3:35.0,Defensive rebound by D. Gallinari,,16,18
70,1,3:17.0,D. Gallinari makes 2-pt jump shot from 22 ft (assist by N. Jokić),,18,18
71,1,3:02.0,,V. Carter misses 3-pt jump shot from 25 ft,18,18
72,1,3:01.0,Defensive rebound by N. Jokić,,18,18
73,1,2:49.0,Shooting foul by V. Carter (drawn by E. Mudiay),,18,18
74,1,2:49.0,E. Mudiay misses free throw 1 of 2,,18,18
75,1,2:49.0,Offensive rebound by Team,,18,18
76,1,2:49.0,J. Nurkić enters the game for N. Jokić,,18,18
77,1,2:49.0,E. Mudiay makes free throw 2 of 2,,19,18
78,1,2:37.0,,V. Carter makes 2-pt jump shot from 10 ft,19,20
79,1,2:21.0,J. Nurkić makes 2-pt layup from 3 ft (assist by D. Gallinari),,21,20
80,1,2:12.0,,Shooting foul by K. Faried (drawn by J. Martin),21,20
81,1,2:12.0,,J. Martin makes free throw 1 of 2,21,21
82,1,2:12.0,J. Murray enters the game for E. Mudiay,,21,21
83,1,2:12.0,,J. Martin makes free throw 2 of 2,21,22
84,1,2:00.0,J. Murray misses 3-pt jump shot from 25 ft,,21,22
85,1,1:59.0,,Defensive rebound by Z. Randolph,21,22
86,1,1:48.0,,Z. Randolph misses 2-pt jump shot from 23 ft,21,22
87,1,1:45.0,,Offensive rebound by Team,21,22
88,1,1:35.0,,Z. Randolph misses 2-pt jump shot from 5 ft (block by J. Nurkić),21,22
89,1,1:32.0,Defensive rebound by D. Gallinari,,21,22
90,1,1:28.0,J. Nurkić makes 2-pt dunk at rim (assist by D. Gallinari),,23,22
91,1,1:12.0,,J. Martin makes 2-pt jump shot from 22 ft (assist by A. Harrison),23,24
92,1,0:55.0,J. Murray misses 3-pt jump shot from 23 ft,,23,24
93,1,0:55.0,,Defensive rebound by Z. Randolph,23,24
94,1,0:42.0,,J. Martin misses 2-pt jump shot from 3 ft,23,24
95,1,0:42.0,,Offensive rebound by Z. Randolph,23,24
96,1,0:42.0,,Z. Randolph makes 2-pt layup from 1 ft,23,26
97,1,0:30.0,J. Nelson makes 3-pt jump shot from 26 ft (assist by K. Faried),,26,26
98,1,0:13.0,,Personal foul by J. Nelson (drawn by A. Harrison),26,26
99,1,0:13.0,J. Hernangómez enters the game for D. Gallinari,,26,26
100,1,0:13.0,,M. Conley enters the game for A. Harrison,26,26
101,1,0:03.0,,Z. Randolph misses 2-pt layup from 3 ft (block by K. Faried),26,26
102,1,0:01.0,Defensive rebound by K. Faried,,26,26
103,1,0:00.0,K. Faried misses 3-pt jump shot from 59 ft,,26,26
104,1,0:00.0,Offensive rebound by Team,,26,26
105,2,11:51.0,Personal foul by V. Carter (drawn by J. Nurkić),,26,26
106,2,11:45.0,Turnover by J. Nurkić (traveling),,26,26
107,2,11:30.0,,V. Carter misses 3-pt jump shot from 26 ft,26,26
108,2,11:30.0,Defensive rebound by K. Faried,,26,26
109,2,11:15.0,J. Nelson misses 3-pt jump shot from 25 ft,,26,26
110,2,11:14.0,Offensive rebound by Team,,26,26
111,2,11:05.0,K. Faried makes 2-pt hook shot from 5 ft (assist by J. Hernangómez),,28,26
112,2,10:44.0,,Z. Randolph misses 2-pt layup from 2 ft,28,26
113,2,10:39.0,Defensive rebound by J. Nelson,,28,26
114,2,10:27.0,J. Nelson makes 2-pt layup from 1 ft,,30,26
115,2,10:19.0,,V. Carter makes 2-pt jump shot from 22 ft (assist by A. Harrison),30,28
116,2,10:14.0,Turnover by J. Nelson (lost ball; steal by A. Harrison),,30,28
117,2,10:01.0,,V. Carter makes 2-pt layup from 3 ft,30,30
118,2,9:52.0,,Offensive charge foul by J. Nurkić (drawn by J. Martin),30,30
119,2,9:52.0,Turnover by J. Nurkić (offensive foul),,30,30
120,2,9:30.0,,A. Harrison makes 3-pt jump shot from 23 ft,30,33
121,2,9:29.0,Denver full timeout,,30,33
122,2,9:29.0,N. Jokić enters the game for K. Faried,,30,33
123,2,9:18.0,J. Nurkić makes 2-pt jump shot from 4 ft (assist by J. Nelson),,32,33
124,2,9:18.0,Shooting block foul by J. Martin (drawn by J. Nurkić),,32,33
125,2,9:18.0,J. Nurkić makes free throw 1 of 1,,33,33
126,2,8:56.0,,V. Carter misses 3-pt jump shot from 25 ft,33,33
127,2,8:54.0,,Offensive rebound by Z. Randolph,33,33
128,2,8:50.0,,Turnover by C. Parsons (bad pass; steal by J. Hernangómez),33,33
129,2,8:44.0,N. Jokić misses 2-pt layup from 3 ft (block by V. Carter),,33,33
130,2,8:40.0,,Defensive rebound by A. Harrison,33,33
131,2,8:40.0,,Personal foul by J. Hernangómez,33,33
132,2,8:40.0,Denver full timeout,,33,33
133,2,8:40.0,,J. Green enters the game for J. Martin,33,33
134,2,8:33.0,,J. Green makes 2-pt layup from 4 ft (assist by A. Harrison),33,35
135,2,8:17.0,J. Murray misses 2-pt jump shot from 10 ft,,33,35
136,2,8:16.0,,Defensive rebound by J. Green,33,35
137,2,8:07.0,,Turnover by J. Green (bad pass),33,35
138,2,8:07.0,G. Harris enters the game for J. Murray,,33,35
139,2,7:44.0,Turnover by G. Harris (bad pass; steal by A. Harrison),,33,35
140,2,7:43.0,,Personal foul by J. Nurkić (drawn by A. Harrison),33,35
141,2,7:43.0,,J. Ennis enters the game for V. Carter,33,35
142,2,7:43.0,D. Gallinari enters the game for J. Hernangómez,,33,35
143,2,7:20.0,,A. Harrison misses 3-pt jump shot from 24 ft,33,35
144,2,7:18.0,,Offensive rebound by J. Ennis,33,35
145,2,7:18.0,,Shooting foul by N. Jokić (drawn by J. Ennis),33,35
146,2,7:18.0,,J. Ennis makes free throw 1 of 2,33,36
147,2,7:18.0,E. Mudiay enters the game for J. Nelson,,33,36
148,2,7:18.0,,M. Conley enters the game for C. Parsons,33,36
149,2,7:18.0,,J. Ennis makes free throw 2 of 2,33,37
150,2,7:05.0,N. Jokić makes 2-pt jump shot from 16 ft (assist by G. Harris),,35,37
151,2,6:45.0,,Z. Randolph makes 2-pt jump shot from 15 ft (assist by M. Conley),35,39
152,2,6:33.0,G. Harris misses 3-pt jump shot from 25 ft,,35,39
153,2,6:32.0,Offensive rebound by Team,,35,39
154,2,6:32.0,,Loose ball foul by J. Green (drawn by J. Nurkić),35,39
155,2,6:32.0,,M. Gasol enters the game for Z. Randolph,35,39
156,2,6:29.0,Turnover by J. Nurkić (bad pass; steal by J. Ennis),,35,39
157,2,6:13.0,,A. Harrison makes 3-pt jump shot from 22 ft (assist by M. Gasol),35,42
158,2,6:10.0,Denver full timeout,,35,42
159,2,5:51.0,E. Mudiay makes 2-pt layup from 2 ft,,37,42
160,2,5:51.0,Shooting foul by A. Harrison (drawn by E. Mudiay),,37,42
161,2,5:51.0,K. Faried enters the game for J. Nurkić,,37,42
162,2,5:51.0,E. Mudiay makes free throw 1 of 1,,38,42
163,2,5:35.0,,M. Gasol makes 2-pt hook shot from 3 ft,38,44
164,2,5:23.0,D. Gallinari misses 2-pt layup from 2 ft,,38,44
165,2,5:20.0,,Defensive rebound by A. Harrison,38,44
166,2,5:09.0,,Turnover by M. Conley (bad pass; steal by N. Jokić),38,44
167,2,5:05.0,G. Harris misses 2-pt layup from 2 ft (block by A. Harrison),,38,44
168,2,5:05.0,Offensive rebound by Team,,38,44
169,2,4:51.0,D. Gallinari makes 3-pt jump shot from 25 ft (assist by E. Mudiay),,41,44
170,2,4:35.0,,M. Gasol misses 2-pt jump shot from 19 ft,41,44
171,2,4:34.0,Defensive rebound by D. Gallinari,,41,44
172,2,4:28.0,N. Jokić misses 2-pt layup from 2 ft (block by M. Gasol),,41,44
173,2,4:25.0,Offensive rebound by N. Jokić,,41,44
174,2,4:25.0,N. Jokić makes 2-pt layup from 2 ft,,43,44
175,2,4:18.0,,Memphis full timeout,43,44
176,2,4:03.0,,M. Gasol makes 2-pt jump shot from 6 ft,43,46
177,2,4:03.0,,Shooting foul by N. Jokić (drawn by M. Gasol),43,46
178,2,4:03.0,,M. Gasol misses free throw 1 of 1,43,46
179,2,4:02.0,Defensive rebound by K. Faried,,43,46
180,2,3:49.0,G. Harris makes 2-pt layup from 2 ft,,45,46
181,2,3:25.0,,J. Ennis makes 2-pt layup from 2 ft (assist by M. Conley),45,48
182,2,3:10.0,Personal foul by J. Ennis (drawn by D. Gallinari),,45,48
183,2,3:10.0,D. Gallinari makes free throw 1 of 2,,46,48
184,2,3:10.0,,V. Carter enters the game for A. Harrison,46,48
185,2,3:10.0,D. Gallinari makes free throw 2 of 2,,47,48
186,2,2:50.0,,V. Carter makes 3-pt jump shot from 26 ft (assist by M. Gasol),47,51
187,2,2:29.0,E. Mudiay misses 2-pt jump shot from 6 ft,,47,51
188,2,2:26.0,Offensive rebound by K. Faried,,47,51
189,2,2:11.0,Shooting foul by J. Green (drawn by D. Gallinari),,47,51
190,2,2:11.0,D. Gallinari makes free throw 1 of 2,,48,51
191,2,2:11.0,J. Nurkić enters the game for N. Jokić,,48,51
192,2,2:11.0,,Z. Randolph enters the game for J. Green,48,51
193,2,2:11.0,D. Gallinari makes free throw 2 of 2,,49,51
194,2,2:01.0,,M. Conley misses 2-pt layup from 3 ft,49,51
195,2,2:01.0,,Offensive rebound by Z. Randolph,49,51
196,2,2:01.0,,Z. Randolph makes 2-pt layup from 2 ft,49,53
197,2,2:01.0,,Shooting foul by K. Faried (drawn by Z. Randolph),49,53
198,2,2:01.0,,Z. Randolph misses free throw 1 of 1,49,53
199,2,2:00.0,Defensive rebound by J. Nurkić,,49,53
200,2,1:53.0,G. Harris makes 3-pt jump shot from 24 ft (assist by E. Mudiay),,52,53
201,2,1:33.0,,V. Carter misses 3-pt jump shot from 26 ft,52,53
202,2,1:32.0,Defensive rebound by E. Mudiay,,52,53
203,2,1:26.0,E. Mudiay misses 2-pt layup from 2 ft,,52,53
204,2,1:25.0,Offensive rebound by K. Faried,,52,53
205,2,1:25.0,K. Faried makes 2-pt dunk at rim,,54,53
206,2,1:09.0,,M. Conley misses 2-pt jump shot from 10 ft,54,53
207,2,1:06.0,Defensive rebound by K. Faried,,54,53
208,2,0:57.0,Personal foul by J. Ennis (drawn by G. Harris),,54,53
209,2,0:57.0,G. Harris makes free throw 1 of 2,,55,53
210,2,0:57.0,G. Harris misses free throw 2 of 2,,55,53
211,2,0:57.0,J. Stokes enters the game for J. Nurkić,,55,53
212,2,0:57.0,,A. Harrison enters the game for J. Ennis,55,53
213,2,0:56.0,Offensive rebound by G. Harris,,55,53
214,2,0:53.0,G. Harris misses 2-pt layup from 2 ft,,55,53
215,2,0:53.0,Offensive rebound by Team,,55,53
216,2,0:53.0,,Loose ball foul by Z. Randolph (drawn by J. Stokes),55,53
217,2,0:53.0,J. Stokes misses free throw 1 of 2,,55,53
218,2,0:53.0,Offensive rebound by Team,,55,53
219,2,0:53.0,J. Stokes makes free throw 2 of 2,,56,53
220,2,0:41.0,,Shooting foul by E. Mudiay (drawn by M. Conley),56,53
221,2,0:41.0,,M. Conley misses free throw 1 of 3,56,53
222,2,0:41.0,,Offensive rebound by Team,56,53
223,2,0:41.0,,M. Conley makes free throw 2 of 3,56,54
224,2,0:41.0,,M. Conley misses free throw 3 of 3,56,54
225,2,0:41.0,,J. Martin enters the game for Z. Randolph,56,54
226,2,0:40.0,Defensive rebound by K. Faried,,56,54
227,2,0:30.0,G. Harris misses 3-pt jump shot from 24 ft,,56,54
228,2,0:27.0,,Defensive rebound by A. Harrison,56,54
229,2,0:23.0,,Memphis full timeout,56,54
230,2,0:23.0,J. Nelson enters the game for E. Mudiay,,56,54
231,2,0:23.0,,Z. Randolph enters the game for J. Martin,56,54
232,2,0:08.0,,M. Gasol makes 2-pt layup from 3 ft (assist by M. Conley),56,56
233,2,0:08.0,,Shooting foul by J. Stokes (drawn by M. Gasol),56,56
234,2,0:08.0,,M. Gasol misses free throw 1 of 1,56,56
235,2,0:08.0,Defensive rebound by K. Faried,,56,56
236,2,0:08.0,,J. Martin enters the game for Z. Randolph,56,56
237,2,0:08.0,E. Mudiay enters the game for J. Stokes,,56,56
238,2,0:01.0,Turnover by J. Nelson (lost ball; steal by A. Harrison),,56,56
239,2,0:00.0,,A. Harrison misses 3-pt jump shot from 56 ft,56,56
240,2,0:00.0,,Offensive rebound by Team,56,56
241,3,11:38.0,D. Gallinari misses 3-pt jump shot from 26 ft,,56,56
242,3,11:35.0,Offensive rebound by J. Nurkić,,56,56
243,3,11:33.0,Turnover by J. Nurkić (bad pass; steal by J. Ennis),,56,56
244,3,11:33.0,,Personal take foul by N. Jokić (drawn by J. Ennis),56,56
245,3,11:15.0,,M. Gasol misses 2-pt jump shot from 18 ft,56,56
246,3,11:13.0,Defensive rebound by E. Mudiay,,56,56
247,3,11:01.0,J. Nurkić misses 2-pt hook shot from 5 ft,,56,56
248,3,11:00.0,,Defensive rebound by J. Green,56,56
249,3,11:00.0,,Personal foul by J. Nurkić (drawn by J. Green),56,56
250,3,10:42.0,,M. Conley makes 2-pt layup from 4 ft (assist by C. Parsons),56,58
251,3,10:33.0,Personal foul by C. Parsons (drawn by D. Gallinari),,56,58
252,3,10:31.0,Offensive foul by J. Nurkić (drawn by M. Conley),,56,58
253,3,10:31.0,Turnover by J. Nurkić (offensive foul),,56,58
254,3,10:31.0,K. Faried enters the game for J. Nurkić,,56,58
255,3,10:18.0,,J. Green misses 2-pt jump shot from 20 ft,56,58
256,3,10:16.0,Defensive rebound by G. Harris,,56,58
257,3,10:10.0,Personal foul by M. Conley (drawn by E. Mudiay),,56,58
258,3,9:57.0,N. Jokić misses 3-pt jump shot from 25 ft,,56,58
259,3,9:56.0,,Defensive rebound by J. Green,56,58
260,3,9:52.0,,Personal foul by N. Jokić (drawn by M. Gasol),56,58
261,3,9:52.0,Technical foul by N. Jokić,,56,58
262,3,9:52.0,,M. Gasol makes technical free throw,56,59
263,3,9:52.0,J. Nelson enters the game for N. Jokić,,56,59
264,3,9:39.0,,C. Parsons makes 2-pt dunk at rim (assist by M. Conley),56,61
265,3,9:39.0,Denver full timeout,,56,61
266,3,9:21.0,G. Harris misses 2-pt jump shot from 18 ft,,56,61
267,3,9:20.0,,Defensive rebound by M. Conley,56,61
268,3,9:01.0,,J. Ennis misses 3-pt jump shot from 23 ft,56,61
269,3,9:00.0,Defensive rebound by K. Faried,,56,61
270,3,8:48.0,D. Gallinari makes 3-pt jump shot from 23 ft (assist by E. Mudiay),,59,61
271,3,8:24.0,,Turnover by J. Green (lost ball),59,61
272,3,8:09.0,E. Mudiay misses 2-pt layup from 2 ft,,59,61
273,3,8:08.0,,Defensive rebound by C. Parsons,59,61
274,3,7:57.0,,C. Parsons makes 2-pt layup from 1 ft (assist by M. Gasol),59,63
275,3,7:42.0,G. Harris misses 3-pt jump shot from 25 ft,,59,63
276,3,7:42.0,,Defensive rebound by M. Conley,59,63
277,3,7:30.0,,Turnover by M. Gasol (bad pass),59,63
278,3,7:07.0,G. Harris misses 3-pt jump shot from 25 ft,,59,63
279,3,7:07.0,,Defensive rebound by C. Parsons,59,63
280,3,6:59.0,,Turnover by C. Parsons (bad pass; steal by D. Gallinari),59,63
281,3,6:54.0,Shooting foul by J. Ennis (drawn by K. Faried),,59,63
282,3,6:54.0,K. Faried misses free throw 1 of 2,,59,63
283,3,6:54.0,Offensive rebound by Team,,59,63
284,3,6:54.0,,V. Carter enters the game for C. Parsons,59,63
285,3,6:54.0,,A. Harrison enters the game for J. Ennis,59,63
286,3,6:54.0,K. Faried makes free throw 2 of 2,,60,63
287,3,6:44.0,,M. Conley makes 2-pt layup from 2 ft,60,65
288,3,6:28.0,Turnover by E. Mudiay (bad pass; steal by M. Conley),,60,65
289,3,6:10.0,,M. Conley misses 2-pt layup from 2 ft,60,65
290,3,6:08.0,Defensive rebound by D. Gallinari,,60,65
291,3,5:59.0,Turnover by J. Nelson (bad pass),,60,65
292,3,5:59.0,J. Murray enters the game for G. Harris,,60,65
293,3,5:42.0,,M. Gasol makes 2-pt jump shot from 18 ft (assist by V. Carter),60,67
294,3,5:26.0,Shooting foul by A. Harrison (drawn by E. Mudiay),,60,67
295,3,5:26.0,E. Mudiay makes free throw 1 of 2,,61,67
296,3,5:26.0,E. Mudiay makes free throw 2 of 2,,62,67
297,3,5:03.0,,V. Carter makes 2-pt dunk at rim (assist by A. Harrison),62,69
298,3,4:47.0,D. Gallinari makes 3-pt jump shot from 25 ft (assist by J. Nelson),,65,69
299,3,4:27.0,,Personal foul by E. Mudiay (drawn by M. Conley),65,69
300,3,4:24.0,,Shooting foul by J. Murray (drawn by V. Carter),65,69
301,3,4:24.0,,V. Carter misses free throw 1 of 2,65,69
302,3,4:24.0,,Offensive rebound by Team,65,69
303,3,4:24.0,,V. Carter makes free throw 2 of 2,65,70
304,3,4:08.0,K. Faried misses 2-pt jump shot from 3 ft (block by V. Carter),,65,70
305,3,4:08.0,Offensive rebound by Team,,65,70
306,3,4:08.0,Inbound foul by J. Green,,65,70
307,3,4:08.0,,J. Martin enters the game for M. Conley,65,70
308,3,4:08.0,,T. Williams enters the game for J. Green,65,70
309,3,4:08.0,D. Gallinari makes free throw 1 of 1,,66,70
310,3,4:02.0,E. Mudiay makes 2-pt layup from 2 ft,,68,70
311,3,4:02.0,Shooting foul by T. Williams (drawn by E. Mudiay),,68,70
312,3,4:02.0,E. Mudiay makes free throw 1 of 1,,69,70
313,3,3:52.0,,Offensive foul by A. Harrison (drawn by J. Nelson),69,70
314,3,3:52.0,,Turnover by A. Harrison (offensive foul),69,70
315,3,3:39.0,D. Gallinari misses 2-pt jump shot from 8 ft (block by J. Martin),,69,70
316,3,3:37.0,,Defensive rebound by V. Carter,69,70
317,3,3:29.0,,M. Gasol makes 2-pt jump shot from 7 ft (assist by V. Carter),69,72
318,3,3:04.0,E. Mudiay misses 3-pt jump shot from 24 ft,,69,72
319,3,3:03.0,Offensive rebound by D. Gallinari,,69,72
320,3,2:49.0,J. Murray makes 3-pt jump shot from 24 ft (assist by J. Nelson),,72,72
321,3,2:49.0,,Memphis full timeout,72,72
322,3,2:49.0,,Z. Randolph enters the game for M. Gasol,72,72
323,3,2:32.0,,V. Carter makes 2-pt jump shot from 6 ft,72,74
324,3,2:11.0,J. Nelson misses 2-pt layup from 3 ft,,72,74
325,3,2:10.0,,Defensive rebound by J. Martin,72,74
326,3,1:54.0,,Z. Randolph makes 2-pt layup from 2 ft,72,76
327,3,1:28.0,Turnover by E. Mudiay (lost ball; steal by A. Harrison),,72,76
328,3,1:21.0,,Turnover by A. Harrison (palming),72,76
329,3,1:21.0,J. Hernangómez enters the game for E. Mudiay,,72,76
330,3,1:11.0,Personal foul by J. Martin (drawn by D. Gallinari),,72,76
331,3,1:11.0,D. Gallinari makes free throw 1 of 2,,73,76
332,3,1:11.0,D. Gallinari makes free throw 2 of 2,,74,76
333,3,0:55.0,,V. Carter makes 3-pt jump shot from 24 ft (assist by A. Harrison),74,79
334,3,0:45.0,J. Nelson makes 2-pt jump shot from 20 ft,,76,79
335,3,0:27.0,,T. Williams misses 3-pt jump shot from 23 ft,76,79
336,3,0:26.0,,Offensive rebound by J. Martin,76,79
337,3,0:07.0,,T. Williams misses 2-pt layup from 2 ft (block by J. Hernangómez),76,79
338,3,0:05.0,Defensive rebound by D. Gallinari,,76,79
339,3,0:00.0,D. Gallinari misses 2-pt jump shot from 23 ft,,76,79
340,3,0:00.0,Offensive rebound by Team,,76,79
341,4,11:49.0,,Shooting foul by J. Murray (drawn by A. Harrison),76,79
342,4,11:49.0,,A. Harrison makes free throw 1 of 2,76,80
343,4,11:49.0,,A. Harrison makes free throw 2 of 2,76,81
344,4,11:41.0,Turnover by J. Nurkić (traveling),,76,81
345,4,11:27.0,,J. Martin makes 2-pt layup from 2 ft (assist by V. Carter),76,83
346,4,11:26.0,Denver full timeout,,76,83
347,4,11:11.0,J. Murray makes 3-pt jump shot from 24 ft (assist by J. Nelson),,79,83
348,4,10:50.0,,C. Parsons misses 3-pt jump shot from 25 ft,79,83
349,4,10:49.0,,Offensive rebound by Z. Randolph,79,83
350,4,10:38.0,,Z. Randolph makes 2-pt jump shot from 15 ft,79,85
351,4,10:27.0,Personal foul by J. Martin (drawn by J. Murray),,79,85
352,4,10:15.0,J. Murray makes 2-pt jump shot from 17 ft,,81,85
353,4,9:56.0,,J. Martin makes 3-pt jump shot from 23 ft (assist by C. Parsons),81,88
354,4,9:46.0,Shooting foul by J. Martin (drawn by J. Nelson),,81,88
355,4,9:46.0,J. Nelson makes free throw 1 of 2,,82,88
356,4,9:46.0,N. Jokić enters the game for K. Faried,,82,88
357,4,9:46.0,J. Nelson makes free throw 2 of 2,,83,88
358,4,9:29.0,,V. Carter misses 2-pt jump shot from 19 ft,83,88
359,4,9:26.0,Defensive rebound by J. Hernangómez,,83,88
360,4,9:13.0,N. Jokić misses 2-pt jump shot from 4 ft,,83,88
361,4,9:12.0,,Defensive rebound by Z. Randolph,83,88
362,4,9:04.0,,Turnover by A. Harrison (offensive foul),83,88
363,4,9:04.0,,Offensive foul by A. Harrison (drawn by J. Murray),83,88
364,4,8:53.0,Personal foul by A. Harrison (drawn by N. Jokić),,83,88
365,4,8:40.0,J. Nurkić misses 2-pt layup from 3 ft,,83,88
366,4,8:39.0,,Defensive rebound by J. Martin,83,88
367,4,8:29.0,,Z. Randolph makes 2-pt jump shot from 4 ft (assist by A. Harrison),83,90
368,4,8:14.0,J. Murray makes 2-pt layup from 2 ft (assist by J. Nurkić),,85,90
369,4,8:14.0,,Memphis full timeout,85,90
370,4,8:14.0,E. Mudiay enters the game for J. Nelson,,85,90
371,4,8:14.0,G. Harris enters the game for J. Hernangómez,,85,90
372,4,8:14.0,,J. Ennis enters the game for V. Carter,85,90
373,4,7:55.0,,Def 3 sec tech foul by J. Murray,85,90
374,4,7:55.0,,C. Parsons makes technical free throw,85,91
375,4,7:47.0,,A. Harrison makes 2-pt layup from 2 ft,85,93
376,4,7:27.0,G. Harris makes 3-pt jump shot from 24 ft (assist by J. Murray),,88,93
377,4,7:14.0,,C. Parsons misses 2-pt jump shot from 16 ft,88,93
378,4,7:10.0,Defensive rebound by J. Nurkić,,88,93
379,4,7:04.0,Turnover by E. Mudiay (bad pass; steal by J. Ennis),,88,93
380,4,6:59.0,,Z. Randolph makes 2-pt layup from 3 ft (assist by J. Ennis),88,95
381,4,6:47.0,Personal foul by J. Martin (drawn by N. Jokić),,88,95
382,4,6:47.0,,M. Conley enters the game for A. Harrison,88,95
383,4,6:47.0,D. Gallinari enters the game for J. Murray,,88,95
384,4,6:47.0,,J. Green enters the game for J. Martin,88,95
385,4,6:42.0,Shooting foul by J. Green (drawn by N. Jokić),,88,95
386,4,6:42.0,N. Jokić misses free throw 1 of 2,,88,95
387,4,6:42.0,Offensive rebound by Team,,88,95
388,4,6:42.0,,M. Gasol enters the game for J. Green,88,95
389,4,6:42.0,N. Jokić makes free throw 2 of 2,,89,95
390,4,6:32.0,,C. Parsons misses 3-pt jump shot from 25 ft,89,95
391,4,6:30.0,,Offensive rebound by Team,89,95
392,4,6:19.0,,Turnover by M. Conley (bad pass; steal by D. Gallinari),89,95
393,4,6:16.0,Shooting block foul by C. Parsons (drawn by E. Mudiay),,89,95
394,4,6:16.0,E. Mudiay makes free throw 1 of 2,,90,95
395,4,6:16.0,E. Mudiay makes free throw 2 of 2,,91,95
396,4,6:06.0,,M. Conley misses 2-pt jump shot from 18 ft,91,95
397,4,6:06.0,,Offensive rebound by Team,91,95
398,4,6:06.0,Loose ball foul by J. Nurkić (drawn by Z. Randolph),,91,95
399,4,6:06.0,,V. Carter enters the game for C. Parsons,91,95
400,4,6:00.0,,M. Gasol misses 2-pt jump shot from 19 ft,91,95
401,4,5:59.0,Defensive rebound by E. Mudiay,,91,95
402,4,5:48.0,Turnover by D. Gallinari (lost ball; steal by J. Ennis),,91,95
403,4,5:43.0,,Turnover by J. Ennis (lost ball),91,95
404,4,5:27.0,N. Jokić misses 3-pt jump shot from 23 ft,,91,95
405,4,5:27.0,,Defensive rebound by V. Carter,91,95
406,4,5:16.0,,Z. Randolph makes 2-pt layup from 2 ft (assist by M. Gasol),91,97
407,4,5:07.0,Personal foul by Z. Randolph (drawn by N. Jokić),,91,97
408,4,5:07.0,Technical foul by D. Gallinari,,91,97
409,4,5:07.0,,M. Conley makes technical free throw,91,98
410,4,5:07.0,N. Jokić makes free throw 1 of 2,,92,98
411,4,5:07.0,N. Jokić makes free throw 2 of 2,,93,98
412,4,4:51.0,,Z. Randolph misses 2-pt jump shot from 4 ft (block by D. Gallinari),93,98
413,4,4:50.0,Defensive rebound by G. Harris,,93,98
414,4,4:47.0,E. Mudiay makes 2-pt layup from 2 ft (assist by G. Harris),,95,98
415,4,4:47.0,Shooting foul by V. Carter (drawn by E. Mudiay),,95,98
416,4,4:47.0,E. Mudiay makes free throw 1 of 1,,96,98
417,4,4:36.0,,M. Conley misses 2-pt layup from 2 ft,96,98
418,4,4:36.0,Defensive rebound by N. Jokić,,96,98
419,4,4:26.0,N. Jokić makes 3-pt jump shot from 25 ft (assist by J. Nurkić),,99,98
420,4,4:25.0,,Memphis full timeout,99,98
421,4,4:25.0,,J. Green enters the game for Z. Randolph,99,98
422,4,4:06.0,,V. Carter makes 3-pt jump shot from 28 ft (assist by M. Conley),99,101
423,4,3:50.0,G. Harris makes 2-pt layup from 3 ft,,101,101
424,4,3:32.0,,M. Conley misses 3-pt jump shot from 25 ft,101,101
425,4,3:31.0,Defensive rebound by J. Nurkić,,101,101
426,4,3:20.0,Personal foul by J. Ennis (drawn by G. Harris),,101,101
427,4,3:20.0,G. Harris makes free throw 1 of 2,,102,101
428,4,3:20.0,G. Harris makes free throw 2 of 2,,103,101
429,4,3:04.0,,M. Conley makes 2-pt jump shot from 19 ft,103,103
430,4,2:47.0,N. Jokić makes 2-pt jump shot from 20 ft (assist by E. Mudiay),,105,103
431,4,2:21.0,,J. Ennis makes 3-pt jump shot from 24 ft (assist by J. Green),105,106
432,4,1:56.0,E. Mudiay misses 3-pt jump shot from 24 ft,,105,106
433,4,1:55.0,,Defensive rebound by M. Gasol,105,106
434,4,1:37.0,,M. Conley misses 2-pt jump shot from 24 ft,105,106
435,4,1:36.0,Defensive rebound by J. Nurkić,,105,106
436,4,1:21.0,G. Harris misses 2-pt jump shot from 13 ft,,105,106
437,4,1:18.0,,Defensive rebound by V. Carter,105,106
438,4,1:07.0,,M. Gasol misses 2-pt jump shot from 18 ft,105,106
439,4,1:06.0,Defensive rebound by J. Nurkić,,105,106
440,4,1:06.0,Denver full timeout,,105,106
441,4,0:57.0,,Offensive charge foul by G. Harris (drawn by J. Green),105,106
442,4,0:57.0,Turnover by G. Harris (offensive foul),,105,106
443,4,0:57.0,,Z. Randolph enters the game for J. Green,105,106
444,4,0:37.0,,M. Conley misses 2-pt jump shot from 8 ft,105,106
445,4,0:34.0,Defensive rebound by E. Mudiay,,105,106
446,4,0:30.0,,Offensive charge foul by E. Mudiay (drawn by M. Conley),105,106
447,4,0:30.0,Turnover by E. Mudiay (offensive foul),,105,106
448,4,0:30.0,,Memphis full timeout,105,106
449,4,0:13.0,,Personal foul by G. Harris (drawn by M. Conley),105,106
450,4,0:13.0,K. Faried enters the game for J. Nurkić,,105,106
451,4,0:11.0,,Turnover by M. Conley (lost ball; steal by G. Harris),105,106
452,4,0:08.0,E. Mudiay makes 2-pt dunk at rim (assist by G. Harris),,107,106
453,4,0:08.0,,Memphis full timeout,107,106
454,4,0:08.0,J. Nurkić enters the game for K. Faried,,107,106
455,4,0:08.0,K. Faried enters the game for J. Nurkić,,107,106
456,4,0:07.0,J. Nurkić enters the game for K. Faried,,107,106
457,4,0:05.0,,Turnover by J. Ennis (bad pass),107,106
458,4,0:05.0,Denver full timeout,,107,106
459,4,0:05.0,M. Miller enters the game for J. Nurkić,,107,106
460,4,0:05.0,,J. Green enters the game for Z. Randolph,107,106
461,4,0:04.0,Turnover by M. Miller (bad pass; steal by M. Conley),,107,106
462,4,0:01.0,K. Faried enters the game for M. Miller,,107,106
463,4,0:01.0,,C. Parsons enters the game for J. Green,107,106
464,4,0:01.0,J. Nelson enters the game for N. Jokić,,107,106
465,4,0:00.0,,M. Gasol makes 2-pt layup from 3 ft (assist by V. Carter),107,108
